<AVRPART>  
  <ADMIN>
    <PART_NAME>AT89S53</PART_NAME>
    <SPEED>4MHZ</SPEED>
    <SIGNATURE>
      <ADDR000>0x1E</ADDR000>
      <ADDR001>0x53</ADDR001>
      <ADDR002>0xFF</ADDR002>
    </SIGNATURE>
  </ADMIN>
  <PROGRAMMING>
    <PRGISP>  
        <ZIF_NO>2</ZIF_NO>   
    </PRGISP>
    <PRGHV>
        <ZIF_NO>5</ZIF_NO>   
    </PRGHV>
    <TYPE>1</TYPE> 
    <SUBCLASS>0</SUBCLASS> 
    <PROG_FLASH>12288</PROG_FLASH>
    <FlashPageSize>0</FlashPageSize>
    <WD_Flash>9</WD_Flash>
    <WD_EEPROM>15</WD_EEPROM>
    <WD_ERASE>50</WD_ERASE>
    <WD_FUSE>9</WD_FUSE>
    <WD_LOCK>9</WD_LOCK>
    <WD_RESET>100</WD_RESET> 
    <LockWCMD>0xacf80000</LockWCMD>    
    <LockWPos>1</LockWPos>  
  </PROGRAMMING>
  <LOCKBIT>
    <LOCKBIT0>
      <NAME>LB1</NAME>
      <TEXT>Lockbit</TEXT>
    </LOCKBIT0>
    <LOCKBIT1>
      <NAME>LB2</NAME>
      <TEXT>Lockbit</TEXT>
    </LOCKBIT1>
  </LOCKBIT>  
</AVRPART>  